,0,1
0,2.0916095,-0.9083903
1,2.2337627,-0.7567884
2,2.4064097,-0.57466274
3,2.4822176,-0.4893468
4,2.475719,-0.48630768
5,2.2375429,-0.7149172
6,2.0796423,-0.86322165
7,2.4564023,-0.47683668
8,2.2712536,-0.6523313
9,2.2084756,-0.70542634
10,2.234375,-0.6698153
11,2.1189628,-0.775487
12,2.4708078,-0.41387254
13,2.0115628,-0.8633199
14,2.142088,-0.72296864
15,2.5823388,-0.27286345
16,1.996284,-0.84903556
17,2.5879207,-0.24748814
18,2.1514,-0.6740698
19,2.0601053,-0.7553978
20,2.3467424,-0.4587661
21,2.5015645,-0.2939214
22,2.0105062,-0.77493006
23,2.294033,-0.48132533
24,2.2178545,-0.54739916
25,2.1038218,-0.65129924
26,2.2890792,-0.45588237
27,2.0611725,-0.6736021
28,2.2126722,-0.51188856
29,2.1841526,-0.5301676
30,2.5630229,-0.1410296
31,2.332912,-0.36084628
32,2.425914,-0.2575233
33,2.4597042,-0.21338558
34,2.0490136,-0.61370224
35,2.2163205,-0.4359951
36,2.2166874,-0.42520165
37,2.061164,-0.5702722
38,2.4055943,-0.21536338
39,2.5413747,-0.069078684
40,2.4167824,-0.18314028
41,2.3223557,-0.26701075
42,2.3893924,-0.18939233
43,2.5466242,-0.021553576
44,2.162569,-0.39497614
45,2.0827622,-0.46412492
46,2.4353828,-0.10082102
47,2.205242,-0.32025403
48,2.3701944,-0.1445682
49,2.3985927,-0.10541201
50,2.0368536,-0.45636827
51,2.0710778,-0.41133654
52,2.1042151,-0.3673671
53,2.1004896,-0.3602366
54,2.5428069,0.09296143
55,2.4524617,0.013521671
56,2.3483946,-0.07961655
57,2.506019,0.088961005
58,2.4826322,0.0765512
59,2.481011,0.085930705
60,2.4710922,0.08703637
61,2.520019,0.14701152
62,2.531971,0.17003512
63,2.1185331,-0.23230797
64,2.5357058,0.19598281
65,2.3404398,0.011858463
66,2.2932143,-0.024202824
67,2.2184844,-0.08774555
68,2.5026882,0.2076683
69,2.0165539,-0.2672335
70,1.9866164,-0.2859156
71,2.521708,0.2604537
72,2.360328,0.110373974
73,2.496949,0.25831747
74,2.0661502,-0.16113687
75,2.1127205,-0.10320008
76,2.5049596,0.30042744
77,2.2729797,0.0798583
78,2.2578707,0.076181054
79,2.370195,0.19995868
80,2.0647788,-0.09398198
81,2.073336,-0.07392883
82,2.3502686,0.21452153
83,2.0632336,-0.060974598
84,2.2696548,0.15700603
85,2.0337834,-0.067284524
86,1.8991883,-0.19027829
87,2.325604,0.24775946
88,2.1912928,0.12509096
89,2.3116727,0.25713396
90,2.2894468,0.24659157
91,2.0262814,-0.0048705935
92,2.0478642,0.028436065
93,1.9030056,-0.10467899
94,2.0030484,0.007127285
95,2.3006883,0.3165505
96,2.1927342,0.22039914
97,2.153964,0.19345164
98,2.1674342,0.21876323
99,2.0208735,0.08406365
100,2.0234137,0.09848392
101,2.4327054,0.5196749
102,2.3598819,0.45876944
103,1.8741834,-0.014991999
104,2.295742,0.41852236
105,2.0868757,0.2216301
106,2.0154142,0.16216111
107,2.131738,0.290496
108,2.0941548,0.26494205
109,1.9294472,0.11228144
110,2.058591,0.25349033
111,2.0897813,0.2967639
112,2.2192752,0.43835855
113,2.390441,0.6216426
114,2.1719468,0.4152845
115,2.154508,0.409999
116,2.2052922,0.47295392
117,2.1837354,0.46358442
118,1.915216,0.2072699
119,2.1914654,0.49574053
120,2.0856426,0.40215635
121,2.1302845,0.45905316
122,2.2233233,0.56436336
123,2.1968305,0.5501584
124,1.9529879,0.3186202
125,2.2024355,0.58038807
126,1.8244467,0.21473575
127,2.0775046,0.48014617
128,2.0597563,0.47476578
129,2.0024953,0.42988837
130,2.323827,0.7636194
131,1.8911159,0.34332323
132,1.7477033,0.21234083
133,1.9005046,0.37758732
134,1.9042771,0.39382005
135,2.0070496,0.509068
136,2.3165689,0.83107734
137,1.8606741,0.3876872
138,1.951205,0.49073756
139,2.2243993,0.7764654
140,2.2417078,0.8063221
141,2.2719474,0.84912395
142,1.7567146,0.3464676
143,1.7438908,0.34623384
144,2.1862793,0.80122674
145,2.0124476,0.6400125
146,2.0601296,0.7003263
147,2.193305,0.84614635
148,1.9654582,0.63095784
149,1.8721669,0.5503379
150,1.7234783,0.41433382
151,1.8437505,0.5473031
152,1.771213,0.4874761
153,2.0463858,0.77537155
154,2.1842604,0.9259815
155,1.7857084,0.5401777
156,1.9418118,0.70904136
157,2.192366,0.972368
158,1.7938828,0.58666945
159,1.7895784,0.5951612
160,1.8387446,0.6571357
161,2.0730557,0.90426683
162,2.0918941,0.9359367
163,1.7464912,0.6033766
164,2.1568778,1.0266175
165,2.1446075,1.0272126
166,1.6782026,0.573684
167,1.7521577,0.6605265
168,2.0815482,1.0028152
169,1.8915458,0.8257215
170,1.8022609,0.74935627
171,1.7111089,0.6711339
172,1.6808629,0.6538279
173,1.6647441,0.6506593
174,1.658314,0.65718937
175,2.1054716,1.1173174
176,2.0981584,1.1229842
177,1.6993346,0.7371497
178,1.887991,0.9388051
179,1.5495865,0.61340916
180,1.9385741,1.0154145
181,1.6575003,0.74736786
182,1.656744,0.75964713
183,2.1034625,1.2194104
184,2.0014734,1.1304746
185,1.7511702,0.89323366
186,1.8067005,0.96183455
187,1.6426771,0.81088996
188,1.8800778,1.061378
189,1.697166,0.8915615
190,2.0619068,1.2694056
191,2.0440564,1.2646663
192,1.8330047,1.0667334
193,1.9011412,1.1479957
194,1.9948814,1.2548699
195,2.0070872,1.2802169
196,1.9788675,1.2651455
197,2.024979,1.3244128
198,1.4523678,0.7649634
199,1.5235934,0.8493583
200,1.515027,0.85396755
201,1.8280945,1.1802173
202,1.9189823,1.2842939
203,1.7540596,1.132566
204,1.6471038,1.0388114
205,1.7827978,1.1877122
206,1.7043638,1.1224914
207,1.5748632,1.0062099
208,1.6968353,1.141406
209,1.9318259,1.3896267
210,1.671238,1.1422741
211,1.6348152,1.1190915
212,1.4030144,0.90053654
213,1.8976407,1.4084134
214,1.7110133,1.2350414
215,1.5424054,1.0796933
216,1.9162655,1.4668179
217,1.4140787,0.9779006
218,1.4370637,1.0141592
219,1.418262,1.008635
220,1.5250807,1.1287351
221,1.6280718,1.245012
222,1.7519348,1.3821645
223,1.5094895,1.1530118
224,1.7967446,1.4535637
225,1.3243215,0.99444056
226,1.504014,1.1874361
227,1.7409542,1.4376826
228,1.3495755,1.0596137
229,1.6788015,1.4021516
230,1.2871947,1.02386
231,1.8277569,1.5777395
232,1.476738,1.2400405
233,1.5928848,1.3695099
234,1.4136598,1.2036095
235,1.7745593,1.5778356
236,1.5311649,1.3477695
237,1.3864026,1.2163379
238,1.3503408,1.1936083
239,1.5211,1.3777013
240,1.4639182,1.3338544
241,1.3706901,1.2539625
242,1.5325785,1.4291883
243,1.4633532,1.3733015
244,1.4995196,1.4228075
245,1.246048,1.1826758
246,1.5109987,1.4609673
247,1.5373535,1.5006635
248,1.4145861,1.3912377
249,1.3470135,1.337007
250,1.4944048,1.4977403
251,1.2565556,1.2732332
252,1.1458199,1.1758392
253,1.496846,1.5402069
254,1.391334,1.4480357
255,1.1575911,1.2276332
256,1.6035066,1.6868887
257,1.1595511,1.2562723
258,1.2517858,1.3618448
259,1.6024818,1.725878
260,1.1423929,1.2791245
261,1.5938921,1.743958
262,1.2367802,1.4001791
263,1.5871916,1.7639217
264,1.4811983,1.671258
265,1.0494566,1.2528441
266,1.1458728,1.362586
267,1.1673784,1.3974149
268,1.2979212,1.5412788
269,1.2576938,1.5143704
270,1.2529435,1.5229363
271,1.1669135,1.4502196
272,1.1308279,1.4274454
273,1.429872,1.7397969
274,1.1940122,1.517242
275,1.1876717,1.5242031
276,1.2166412,1.5664709
277,1.2069111,1.5700357
278,0.9340558,1.3104713
279,1.4911146,1.8808179
280,1.361625,1.7646117
281,1.2905402,1.7068069
282,1.1830323,1.6125741
283,0.93344283,1.376256
284,1.4321983,1.8882785
285,0.95047545,1.4198179
286,1.4175429,1.9001434
287,1.4161015,1.9119546
288,1.1525247,1.6616261
289,1.4076226,1.9299669
290,1.3551211,1.8907034
291,1.1138818,1.6626966
292,1.346472,1.908514
293,1.0882647,1.6635284
294,1.3712564,1.9597359
295,1.1034446,1.7051344
296,1.2285464,1.84344
297,1.0678267,1.6959186
298,0.8549825,1.4962661
299,1.3218982,1.9763675
300,0.94997644,1.6176248
301,0.9435737,1.6243944
302,1.1106706,1.804657
303,0.96228266,1.6694279
304,0.9932215,1.7135186
305,1.3110855,2.044527
306,0.9198569,1.6664362
307,0.88965106,1.6493604
308,0.9291494,1.7019811
309,1.2047429,1.9906898
310,0.6853423,1.4843962
311,0.69930995,1.5114632
312,1.1175637,1.9428079
313,1.2361414,2.0744689
314,0.75418377,1.605586
315,1.1004906,1.9649591
316,1.1746504,2.052177
317,1.1552565,2.0458317
318,1.0229723,1.926588
319,0.88321614,1.7998633
320,0.62172127,1.5513909
321,0.73262227,1.6753049
322,0.6440282,1.5997148
323,0.78363895,1.7523198
324,0.6808728,1.6625385
325,0.89687073,1.8915112
326,0.79671216,1.8043182
327,0.8220836,1.8426447
328,0.8828746,1.9163806
329,0.992049,2.03849
330,1.0445635,2.1039295
331,1.1041579,2.1764379
332,0.6130438,1.6982272
333,0.7025256,1.8006017
334,0.7033162,1.8142743
335,0.6137111,1.7375402
336,0.627717,1.7644057
337,0.945765,2.0953026
338,0.5976635,1.7600381
339,0.6940026,1.8692031
340,0.6443274,1.8323417
341,0.49330068,1.6941175
342,0.8172388,2.030846
343,0.81436515,2.040751
344,0.68625367,1.9254057
345,0.9516022,2.2035084
346,0.81201994,2.0766678
347,0.9695951,2.246972
348,0.6693239,1.9594176
349,0.43872797,1.7415257
350,0.5556972,1.8711858
351,0.5497035,1.8778698
352,0.47776592,1.8185971
353,0.5143198,1.8678024
354,0.6573609,2.0234814
355,0.3551185,1.7338638
356,0.3225279,1.7138844
357,0.49996364,1.9039173
358,0.8116827,2.2282195
359,0.4795977,1.908704
360,0.382154,1.8238156
361,0.6922511,2.1464536
362,0.5496323,2.0163615
363,0.49704695,1.9762881
364,0.27484727,1.7665858
365,0.4248613,1.9290826
366,0.69994235,2.2166317
367,0.43305326,1.9621952
368,0.623417,2.1649966
369,0.22585344,1.7798553
370,0.3237033,1.8901124
371,0.50156736,2.080368
372,0.57330084,2.1644773
373,0.39229286,1.9958296
374,0.30092812,1.9168091
375,0.39080644,2.0190163
376,0.5518607,2.1923823
377,0.3539914,2.0068092
378,0.5721986,2.2372966
379,0.33630753,2.013668
380,0.111334085,1.8009417
381,0.6820767,2.3839142
382,0.6562164,2.3702672
383,0.14665592,1.8729026
384,0.5369246,2.2753506
385,0.41936827,2.1699562
386,0.17275524,1.9354877
387,0.08092368,1.8557835
388,0.26500618,2.0519755
389,0.24676144,2.0458229
390,0.5696027,2.3807383
391,0.45462644,2.2778177
392,0.47769046,2.31292
393,0.40329397,2.2505436
394,0.44844508,2.3076966
395,0.55243075,2.4236655
396,0.105993986,1.9891939
397,0.2726314,2.1677775
398,0.43254519,2.3396187
399,0.11724937,2.036232
400,0.44952106,2.3803935
401,0.03331268,1.9760554
402,0.27869678,2.2332911
403,-0.044110894,1.9223154
404,-0.017396212,1.9608426
405,0.14068007,2.130712
406,-0.06768477,1.9341204
407,-0.025212765,1.9883461
408,-0.09283811,1.9324543
409,0.1508658,2.187872
410,-0.080391586,1.968308
411,-0.023609757,2.0367632
412,-0.014962137,2.0570636
413,-0.04778278,2.0358753
414,0.23975408,2.3350239
415,-0.17157203,1.9352889
416,-0.16808379,1.9503474
417,0.17257178,2.3025522
418,0.20104837,2.342557
419,-0.19730407,1.9557116
420,-0.026240826,2.1382604
421,0.06368697,2.2396526
422,0.19264269,2.3800511
423,0.14296007,2.3417897
424,0.15807343,2.3683023
425,-0.09131658,2.13029
426,-0.11078316,2.122179
427,-0.29386926,1.9504263
428,-0.05117768,2.2044291
429,-0.23128414,2.0356116
430,-0.18364596,2.0945163
431,-0.17327988,2.1161265
432,0.007219553,2.3078475
433,0.19431782,2.5061443
434,-0.2759425,2.04706
435,-0.34889495,1.9852602
436,0.058493137,2.403778
437,-0.026476383,2.329915
438,-0.21823281,2.149242
439,-0.2477895,2.1307452
440,0.0029904842,2.3925614
441,-0.40312815,1.9974556
442,-0.2031374,2.208435
443,-0.020498633,2.4020388
444,-0.13347644,2.300002
445,-0.24095988,2.203436
446,-0.043922186,2.4113665
447,-0.43568784,2.0304694
448,-0.41396695,2.0630345
449,-0.04061085,2.4472103
450,-0.08723211,2.4113843
451,-0.31509024,2.1942968
452,-0.5491539,1.9709785
453,-0.020243168,2.51061
454,0.006895423,2.5484443
455,-0.28211737,2.270102
456,-0.1750158,2.3878489
457,-0.44799113,2.1254935
458,-0.5034581,2.0806208
459,-0.10524279,2.4894052
460,-0.3751105,2.2300806
461,-0.13530064,2.480408
462,-0.21730435,2.408896
463,-0.42621577,2.2104502
464,-0.58634055,2.0607648
465,-0.241808,2.415711
466,-0.27192557,2.3959806
467,-0.4468621,2.2314045
468,-0.28115726,2.4074435
469,-0.62461287,2.0742958
470,-0.7004531,2.0087366
471,-0.4356047,2.2838392
472,-0.68161553,2.0480556
473,-0.46624458,2.2736268
474,-0.3819102,2.3681343
475,-0.60640633,2.1537843
476,-0.41373265,2.356577
477,-0.5534617,2.2269392
478,-0.67006147,2.1204028
479,-0.5020226,2.2984781
480,-0.7463679,2.0641413
481,-0.60747564,2.2130141
482,-0.3740242,2.4564185
483,-0.84233797,1.9980297
484,-0.69285595,2.1574085
485,-0.5228608,2.3372722
486,-0.6970914,2.172882
487,-0.57452184,2.3052633
488,-0.3493241,2.5402446
489,-0.38541448,2.513909
490,-0.7476837,2.161366
491,-0.39896405,2.519783
492,-0.6458886,2.282527
493,-0.65768903,2.2803664
494,-0.562477,2.3851888
495,-0.8872888,2.0699584
496,-0.90470713,2.062092
497,-0.4178871,2.558435
498,-0.5617414,2.4240742
499,-0.8218614,2.1734176
500,-0.72517735,2.2795358
501,-0.96533215,2.0487857
502,-0.56287986,2.4606128
503,-0.9897261,2.0431113
504,-0.6133787,2.4287734
505,-0.9275991,2.1238375
506,-0.8503923,2.210299
507,-1.0461049,2.0238109
508,-0.887621,2.1914887
509,-1.056905,2.0313678
510,-0.9636335,2.1337724
511,-0.73809135,2.3684168
512,-0.8977726,2.2178073
513,-0.5852634,2.5393572
514,-0.6138922,2.5197382
515,-0.827819,2.3147902
516,-1.0396954,2.1118617
517,-0.6413108,2.5191627
518,-0.8248007,2.3445582
519,-0.7976233,2.3805897
520,-0.8476873,2.3393483
521,-1.0245415,2.1712852
522,-0.7405307,2.4640555
523,-1.1752778,2.0380363
524,-0.771838,2.450172
525,-1.1410433,2.0896306
526,-1.1624656,2.0768406
527,-0.9939165,2.2539897
528,-0.88872147,2.3677526
529,-0.75872827,2.5062819
530,-0.9883393,2.2851744
531,-0.99036276,2.291622
532,-0.9725431,2.3178804
533,-0.89573133,2.4030986
534,-0.82326984,2.4839334
535,-0.93302137,2.3825226
536,-0.87205565,2.4517965
537,-1.1874539,2.1446733
538,-0.7907869,2.5495825
539,-0.91439414,2.4341846
540,-1.2363608,2.120394
541,-1.0113076,2.35359
542,-0.835104,2.5379033
543,-0.9896883,2.391395
544,-1.281497,2.1076293
545,-1.0209056,2.3762298
546,-1.3846924,2.0204186
547,-0.96847147,2.444582
548,-0.91173077,2.5092306
549,-1.0585665,2.3702698
550,-0.9857193,2.4509573
551,-1.3105929,2.1338902
552,-1.2830548,2.1692004
553,-1.373353,2.0866408
554,-1.1448784,2.3228197
555,-1.0282984,2.4470696
556,-1.0504704,2.432533
557,-1.0772568,2.4133472
558,-1.1041628,2.394008
559,-1.1235429,2.3821597
560,-1.4972732,2.0159266
561,-1.5363774,1.9842849
562,-1.0621852,2.4659047
563,-1.2198546,2.3156285
564,-1.2617304,2.2811103
565,-1.4579093,2.0922542
566,-1.5223818,2.0350695
567,-1.0846535,2.48005
568,-1.4553595,2.1165614
569,-1.2979436,2.2811592
570,-1.6000743,1.9861748
571,-1.1617141,2.431646
572,-1.5169843,2.0834513
573,-1.3008972,2.3065782
574,-1.329077,2.2854028
575,-1.4503673,2.171081
576,-1.6455207,1.9828603
577,-1.6452456,1.9900322
578,-1.3164958,2.3256426
579,-1.5034108,2.1455526
580,-1.4987845,2.1569676
581,-1.3635527,2.298952
582,-1.2732562,2.3959649
583,-1.2752448,2.4006562
584,-1.3768241,2.3057208
585,-1.5535746,2.1355777
586,-1.4752306,2.2204926
587,-1.6050403,2.097217
588,-1.554637,2.1541183
589,-1.638444,2.076772
590,-1.610593,2.1110473
591,-1.810367,1.9176607
592,-1.5834615,2.1509168
593,-1.5364149,2.204277
594,-1.4603235,2.2866452
595,-1.863056,1.890152
596,-1.7830545,1.976356
597,-1.8037453,1.9618306
598,-1.4727778,2.298926
599,-1.6344538,2.1433408
600,-1.4772048,2.3066435
601,-1.9227642,1.8670998
602,-1.421978,2.3738647
603,-1.4724598,2.3293238
604,-1.5953522,2.2123346
605,-1.9644909,1.8490617
606,-1.895469,1.9239116
607,-1.6182187,2.206952
608,-1.6545312,2.1763916
609,-1.6338308,2.202807
610,-1.9675189,1.8747954
611,-1.4901295,2.3578234
612,-1.8082936,2.04526
613,-1.7186397,2.1404757
614,-1.7885062,2.076134
615,-1.9579147,1.9122114
616,-1.5317904,2.3437834
617,-1.4863232,2.39466
618,-1.6100845,2.2762697
619,-1.5904329,2.3012538
620,-1.5664415,2.3305392
621,-1.6499491,2.2522874
622,-1.9423982,1.9650552
623,-1.6400777,2.2725544
624,-2.0733068,1.8444645
625,-2.0824642,1.8404081
626,-1.9874122,1.9405222
627,-2.0021157,1.9308419
628,-1.9737921,1.9641502
629,-2.107145,1.8357425
630,-1.8180329,2.1297612
631,-1.848695,2.1039662
632,-1.7490482,2.2084417
633,-2.0785623,1.8837168
634,-1.8063927,2.1606364
635,-1.6741357,2.297604
636,-1.7820908,2.1943202
637,-2.103025,1.8780184
638,-2.1036348,1.8820014
639,-2.0204463,1.969743
640,-2.220356,1.7743473
641,-1.8320359,2.167142
642,-2.2338665,1.7697461
643,-2.1782703,1.8297377
644,-2.173542,1.8388216
645,-1.8805587,2.1361208
646,-1.9766946,2.044261
647,-1.9894489,2.0357432
648,-2.0190446,2.0103445
649,-2.0257092,2.0078363
650,-2.0105214,2.027141
651,-1.8584799,2.1832595
652,-1.7928673,2.2529092
653,-1.9494728,2.1003008
654,-1.9390613,2.114669
655,-2.1032572,1.9543903
656,-2.0919573,1.9695668
657,-2.0942407,1.9711199
658,-2.2749524,1.7942045
659,-2.2001042,1.8728089
660,-1.8743128,2.2023163
661,-2.0143797,2.0659246
662,-1.952165,2.131775
663,-2.270905,1.8166294
664,-2.193411,1.8976777
665,-2.212061,1.8825417
666,-2.2681742,1.8299022
667,-2.4053726,1.6961367
668,-1.9552314,2.1496696
669,-2.3049874,1.8032656
670,-2.3209615,1.7906027
671,-2.050491,2.0643437
672,-2.1327019,1.9853625
673,-2.2493234,1.8719301
674,-2.186651,1.9377508
675,-2.338202,1.7893071
676,-2.3500662,1.78051
677,-2.2709863,1.8626153
678,-2.2483172,1.8882694
679,-2.0179424,2.1215882
680,-2.2393484,1.9030852
681,-2.4956174,1.6496785
682,-2.3126156,1.8355017
683,-2.2193103,1.9315867
684,-2.5200024,1.6336339
685,-2.3610687,1.7952657
686,-2.3276787,1.8313122
687,-2.4053512,1.7562556
688,-2.3789482,1.7852333
689,-2.4471507,1.7195644
690,-2.513845,1.6553621
691,-2.5921586,1.5794995
692,-2.3018107,1.872257
693,-2.3653588,1.8110774
694,-2.1780682,2.0006952
695,-2.3323195,1.8487296
696,-2.3900256,1.7932677
697,-2.7236586,1.4618382
698,-2.5399702,1.6476884
699,-2.4594564,1.7303224
700,-2.7592642,1.4325933
701,-2.385468,1.8084269
702,-2.4449024,1.7509885
703,-2.3461294,1.851716
704,-2.2166638,1.9830945
705,-2.7004728,1.5011568
706,-2.6115239,1.5919356
707,-2.6945965,1.5106511
708,-2.775662,1.4313323
709,-2.7783923,1.4303074
710,-2.3091066,1.9012566
711,-2.735652,1.4763331
712,-2.7351577,1.4784074
713,-2.8160477,1.399056
714,-2.2801414,1.9364588
715,-2.6234472,1.5946081
716,-2.672754,1.5467145
717,-2.8468375,1.3740029
718,-2.6231973,1.598973
719,-2.8298063,1.3936524
720,-2.862833,1.361872
721,-2.5266356,1.6992741
722,-2.417057,1.8100154
723,-2.532843,1.6953502
724,-2.5796084,1.6496642
725,-2.5718732,1.6584368
726,-2.471685,1.7596204
727,-2.3737206,1.8585386
728,-2.6132274,1.6199436
729,-2.6591218,1.5749195
730,-2.9503493,1.2845199
731,-2.4820344,1.7536211
732,-2.9662185,1.2701814
733,-2.9335582,1.303544
734,-2.6386118,1.5991509
735,-2.7645383,1.4738431
736,-2.687294,1.5516644
737,-2.6032753,1.6362176
738,-2.769607,1.4703786
739,-2.938113,1.3023238
740,-2.9903762,1.2504697
741,-3.0497708,1.191442
742,-2.5304027,1.7111354
743,-2.576116,1.665705
744,-2.8427782,1.3992844
745,-2.7853003,1.4569616
746,-2.7276287,1.5147905
747,-2.7221813,1.5203531
748,-2.768712,1.4738958
749,-2.8581297,1.3845096
750,-2.6882324,1.5543964
751,-2.8182979,1.4242787
752,-2.8823538,1.3601284
753,-2.8320856,1.41026
754,-2.73442,1.5077472
755,-2.878302,1.3636448
756,-2.5993557,1.6423295
757,-3.0188966,1.2224844
758,-3.0822883,1.1587465
759,-2.991046,1.2496006
760,-2.9502559,1.2899609
761,-2.6931605,1.5465841
762,-2.8064163,1.4328146
763,-3.0920901,1.146585
764,-2.9418995,1.2961779
765,-2.964114,1.2733238
766,-3.106175,1.1305814
767,-3.1563284,1.0797043
768,-2.9762897,1.2589779
769,-2.6654143,1.569046
770,-2.671791,1.5618203
771,-3.156857,1.0758634
772,-2.6911702,1.5406175
773,-2.857724,1.3730891
774,-3.0802321,1.1495643
775,-2.9302237,1.2985146
776,-2.7834206,1.4442174
777,-3.1967177,1.0297785
778,-3.197927,1.0273855
779,-2.8825881,1.3414989
780,-3.0179644,1.2048554
781,-3.1131554,1.108355
782,-2.9209046,1.2992549
783,-3.005804,1.2129631
784,-3.1974049,1.0199282
785,-3.010483,1.2053742
786,-2.792265,1.4220743
787,-2.8200285,1.3927517
788,-2.9915614,1.2196176
789,-3.151718,1.0578184
790,-2.9896204,1.2182317
791,-3.104469,1.1016574
792,-3.2090807,0.9952781
793,-3.391194,0.8113555
794,-3.2995458,0.9011533
795,-3.2059183,0.99288845
796,-3.0679464,1.1289268
797,-3.2724633,0.9224347
798,-2.922869,1.2700124
799,-2.9142668,1.2765565
800,-3.1645873,1.0241365
801,-2.9330575,1.2535253
802,-3.0271292,1.1572711
803,-2.858872,1.3233047
804,-2.8715801,1.3083313
805,-3.4188461,0.7587588
806,-3.2508514,0.92440593
807,-3.2111669,0.96170115
808,-3.2653868,0.905051
809,-3.3016546,0.86631155
810,-3.38131,0.7841432
811,-2.9542043,1.2086949
812,-2.9463878,1.2139163
813,-3.301658,0.8560097
814,-3.5008593,0.6541312
815,-3.1801016,0.9721701
816,-3.3841064,0.765406
817,-3.1805327,0.9661789
818,-3.1091301,1.0347397
819,-2.9924943,1.148493
820,-3.0226192,1.1154447
821,-3.367303,0.7677964
822,-3.4219313,0.71016264
823,-3.0983787,1.030669
824,-3.3051796,0.8207811
825,-3.4077606,0.7150719
826,-3.289825,0.829839
827,-3.1421568,0.9742979
828,-3.103283,1.0099216
829,-3.0084946,1.1014192
830,-3.1025996,1.0039828
831,-3.2632437,0.83996654
832,-3.51751,0.58228767
833,-3.5343602,0.5619844
834,-3.0302715,1.0625792
835,-3.3346062,0.7547107
836,-3.5968983,0.48884392
837,-3.149322,0.9328052
838,-3.0649867,1.0134852
839,-3.5571463,0.51762986
840,-3.3167276,0.7543125
841,-3.1207519,0.946512
842,-3.2179494,0.8454981
843,-3.1073284,0.9522624
844,-3.2334607,0.82223344
845,-3.564702,0.48705482
846,-3.4258816,0.6218984
847,-3.441069,0.60269403
848,-3.1180377,0.92166805
849,-3.6464138,0.38919544
850,-3.211502,0.81997
851,-3.2463896,0.7809057
852,-3.5945725,0.42850637
853,-3.1885915,0.8302311
854,-3.430082,0.5844443
855,-3.1260796,0.88411117
856,-3.4822783,0.5235369
857,-3.5641675,0.43723273
858,-3.1852562,0.81168914
859,-3.6231818,0.3692696
860,-3.1777701,0.8101475
861,-3.6028135,0.38053107
862,-3.1609404,0.8177917
863,-3.1600614,0.8140191
864,-3.6218061,0.34758317
865,-3.5699244,0.3947345
866,-3.4239733,0.5359161
867,-3.1667411,0.78833926
868,-3.4139977,0.53623486
869,-3.203905,0.74144065
870,-3.7517738,0.18864596
871,-3.3524508,0.58300424
872,-3.5282867,0.40216434
873,-3.6600828,0.26532555
874,-3.6542914,0.26603556
875,-3.322009,0.59319746
876,-3.6111493,0.29889822
877,-3.2908804,0.6139693
878,-3.7410429,0.15857065
879,-3.5516858,0.34265268
880,-3.7764547,0.11257064
881,-3.7934303,0.0902431
882,-3.3077507,0.57053244
883,-3.503303,0.36955178
884,-3.6396651,0.22772264
885,-3.5623784,0.29950428
886,-3.7005491,0.15579009
887,-3.5630748,0.287683
888,-3.7657347,0.07940376
889,-3.3179123,0.5215683
890,-3.4056053,0.42817998
891,-3.4281843,0.39986753
892,-3.731967,0.09031367
893,-3.6758354,0.14063597
894,-3.2520425,0.5585818
895,-3.3188138,0.48592615
896,-3.5081282,0.2906896
897,-3.74129,0.05156803
898,-3.5231566,0.26370406
899,-3.7275937,0.05323243
900,-3.3583155,0.41643846
901,-3.5335114,0.23513317
902,-3.4582849,0.30421317
903,-3.3764834,0.37983036
904,-3.4163387,0.3337543
905,-3.2797885,0.46404648
906,-3.2858634,0.45167625
907,-3.3685606,0.36264694
908,-3.832676,-0.10783744
909,-3.8312306,-0.11279774
910,-3.7790473,-0.06705713
911,-3.7071724,-0.0016615391
912,-3.851964,-0.1529693
913,-3.3873641,0.30507803
914,-3.4356477,0.25020552
915,-3.4093874,0.26984024
916,-3.7366538,-0.06408805
917,-3.517436,0.14843154
918,-3.5866318,0.07250118
919,-3.5593147,0.09304774
920,-3.3634706,0.28208494
921,-3.3165693,0.32214355
922,-3.6494057,-0.017571926
923,-3.778877,-0.15395796
924,-3.5393937,0.078574896
925,-3.7218826,-0.1109004
926,-3.4713707,0.13258958
927,-3.781208,-0.18430555
928,-3.5318773,0.0579319
929,-3.472562,0.11011827
930,-3.5107305,0.06478548
931,-3.4735394,0.094777346
932,-3.8786047,-0.31752294
933,-3.8559093,-0.30209762
934,-3.4570527,0.08945358
935,-3.5622113,-0.023045182
936,-3.5413418,-0.009551048
937,-3.6933265,-0.16894579
938,-3.7236104,-0.20667505
939,-3.455502,0.053953767
940,-3.5865824,-0.08464134
941,-3.8119283,-0.31753647
942,-3.5394058,-0.052597642
943,-3.4087758,0.07041407
944,-3.937061,-0.4655239
945,-3.5441113,-0.08026123
946,-3.4345706,0.021558523
947,-3.5654745,-0.11710101
948,-3.9278288,-0.48724484
949,-3.364955,0.06780553
950,-3.5135944,-0.08869147
951,-3.5289161,-0.11190438
952,-3.9028058,-0.49371934
953,-3.9005375,-0.4994098
954,-3.6801655,-0.28703046
955,-3.7260797,-0.34097064
956,-3.6019206,-0.22487116
957,-3.969341,-0.6003846
958,-3.6690528,-0.30822247
959,-3.5960577,-0.24338692
960,-3.5733268,-0.22884864
961,-3.6396408,-0.30338842
962,-3.9335833,-0.6055895
963,-3.60208,-0.28237802
964,-3.8269944,-0.51561666
965,-3.8316617,-0.52864116
966,-3.4824078,-0.18777722
967,-3.3974535,-0.111245394
968,-3.646655,-0.36890185
969,-3.9628725,-0.6936065
970,-3.9785104,-0.71776414
971,-3.905006,-0.6528116
972,-3.959476,-0.7158658
973,-3.8365374,-0.6015431
974,-3.9146948,-0.688349
975,-3.7149014,-0.49723548
976,-3.4598193,-0.2508654
977,-3.7245905,-0.52438027
978,-3.3952844,-0.20384938
979,-3.47753,-0.29490173
980,-3.6255991,-0.45180935
981,-3.69952,-0.5345997
982,-3.763833,-0.6078139
983,-3.6236334,-0.47654647
984,-3.7220697,-0.5839461
985,-3.5322661,-0.4031368
986,-3.7062094,-0.5861054
987,-3.5308259,-0.419778
988,-3.454084,-0.35212302
989,-3.4580257,-0.36518246
990,-3.8313265,-0.74763143
991,-3.7668018,-0.69228554
992,-3.800735,-0.7354277
993,-3.463493,-0.40742522
994,-3.5332112,-0.48641294
995,-3.7439988,-0.7065003
996,-3.873104,-0.84493554
997,-3.5706544,-0.5518453
998,-3.471283,-0.46186352
999,-3.6401565,-0.6401564
1000,-0.74758947,0.75241053
1001,-0.44572145,1.0448294
1002,-0.4110278,1.0700448
1003,-0.58998907,0.8815751
1004,-0.61706954,0.84495735
1005,-0.6835978,0.7688621
1006,-0.7663632,0.67650104
1007,-0.772573,0.660666
1008,-0.8171961,0.6063889
1009,-0.7497859,0.66411614
1010,-0.96746856,0.43672156
1011,-0.7556868,0.63876283
1012,-0.71485573,0.66982484
1013,-0.7230531,0.6518297
1014,-0.81049335,0.5545633
1015,-0.44516325,0.91003895
1016,-0.92638206,0.41893756
1017,-0.5308397,0.8045691
1018,-0.5680914,0.7573786
1019,-0.4574145,0.85808873
1020,-0.90177715,0.40373135
1021,-0.57041085,0.72507524
1022,-0.77883554,0.5066006
1023,-0.6304058,0.64495265
1024,-0.90305173,0.3622017
1025,-0.69870746,0.55641365
1026,-0.7537937,0.49116778
1027,-0.657975,0.57679963
1028,-0.8136941,0.41086674
1029,-0.57698226,0.6373379
1030,-0.8302229,0.3738296
1031,-0.574458,0.6193001
1032,-0.5879624,0.59547484
1033,-0.5648346,0.608255
1034,-0.8906497,0.27206612
1035,-0.6004923,0.55182314
1036,-0.8988215,0.2430675
1037,-0.42732573,0.7041106
1038,-0.4312302,0.68972754
1039,-0.44313216,0.66732085
1040,-0.5972259,0.5026969
1041,-0.40058964,0.68877697
1042,-0.8073214,0.2714634
1043,-0.6113555,0.45682216
1044,-0.67967224,0.3778727
1045,-0.5634142,0.48347294
1046,-0.60929465,0.42690933
1047,-0.53159386,0.49390197
1048,-0.44571447,0.5690483
1049,-0.4902382,0.5137665
1050,-0.48683816,0.50638366
1051,-0.8338956,0.1485188
1052,-0.4177121,0.55387044
1053,-0.81834406,0.1423819
1054,-0.7427577,0.20708752
1055,-0.51623553,0.4227047
1056,-0.7935977,0.13441336
1057,-0.91193265,0.0051254034
1058,-0.7518624,0.15421855
1059,-0.34905183,0.5460284
1060,-0.79529727,0.08875847
1061,-0.35798776,0.5150199
1062,-0.66334355,0.19859242
1063,-0.56513387,0.28570724
1064,-0.37767702,0.4620459
1065,-0.35091418,0.47766745
1066,-0.3945489,0.4228685
1067,-0.37339675,0.43283343
1068,-0.93092346,-0.13590336
1069,-0.6470049,0.13678241
1070,-0.80510384,-0.03257191
1071,-0.391087,0.37016714
1072,-0.41203934,0.3379147
1073,-0.37507725,0.36355424
1074,-0.5509116,0.17637539
1075,-0.48178113,0.2341392
1076,-0.63858175,0.065950155
1077,-0.58055556,0.11256611
1078,-0.5138227,0.16786695
1079,-0.7828395,-0.112603426
1080,-0.49010265,0.16865838
1081,-0.67189765,-0.02463305
1082,-0.38279307,0.252954
1083,-0.51161224,0.112596035
1084,-0.54808265,0.0645659
1085,-0.87571967,-0.27465177
1086,-0.42737693,0.16208959
1087,-0.7171153,-0.13927078
1088,-0.78429914,-0.21809727
1089,-0.6236019,-0.06906307
1090,-0.3145646,0.2282908
1091,-0.4803602,0.05079162
1092,-0.4865654,0.032862663
1093,-0.8495598,-0.34187526
1094,-0.37004697,0.12587404
1095,-0.49799824,-0.013860464
1096,-0.4512239,0.021111012
1097,-0.35823023,0.102282405
1098,-0.31809986,0.13057101
1099,-0.36004043,0.07676935
1100,-0.59010637,-0.16517663
1101,-0.67494196,-0.26191145
1102,-0.52041304,-0.119300604
1103,-0.26240277,0.12677264
1104,-0.38183624,-0.0046163797
1105,-0.51376235,-0.14851665
1106,-0.83230543,-0.47905242
1107,-0.8118715,-0.4706294
1108,-0.57297504,-0.24376208
1109,-0.7338939,-0.41672814
1110,-0.5468332,-0.24173272
1111,-0.550606,-0.25758862
1112,-0.42844224,-0.14752555
1113,-0.80879486,-0.5399966
1114,-0.7352372,-0.47857487
1115,-0.3047744,-0.060265303
1116,-0.34233832,-0.109999776
1117,-0.4757203,-0.25556946
1118,-0.42761213,-0.21966588
1119,-0.59690213,-0.40117753
1120,-0.48448318,-0.30099684
1121,-0.36132544,-0.19009411
1122,-0.5228902,-0.3639304
1123,-0.4177351,-0.27106315
1124,-0.6705386,-0.53617084
1125,-0.40250373,-0.28045636
1126,-0.21961737,-0.109906316
1127,-0.16826677,-0.07090801
1128,-0.42168623,-0.33669567
1129,-0.3030157,-0.23040897
1130,-0.5383266,-0.4781192
1131,-0.4961233,-0.4483307
1132,-0.20717245,-0.17180985
1133,-0.65654397,-0.63362664
1134,-0.3150102,-0.3045532
1135,-0.2052275,-0.20724577
1136,-0.24043542,-0.25494373
1137,-0.4896729,-0.516686
1138,-0.60516125,-0.64469373
1139,-0.60246897,-0.6545352
1140,-0.5823574,-0.6469717
1141,-0.40763795,-0.48481464
1142,-0.6747097,-0.7644626
1143,-0.5481112,-0.6504544
1144,-0.3702957,-0.48524308
1145,-0.3929143,-0.5204795
1146,-0.21340954,-0.35360622
1147,-0.42060655,-0.57344806
1148,-0.56304604,-0.72854567
1149,-0.3745576,-0.5527286
1150,-0.18115628,-0.37201172
1151,-0.30227178,-0.50582457
1152,-0.58933765,-0.80560064
1153,-0.07609451,-0.30508035
1154,-0.35845602,-0.6001774
1155,-0.49861866,-0.75308794
1156,-0.48392016,-0.75114965
1157,-0.16521311,-0.44521505
1158,-0.20583653,-0.498623
1159,-0.37775397,-0.68333685
1160,-0.326977,-0.6453681
1161,-0.23102891,-0.56223994
1162,-0.5246651,-0.86870766
1163,-0.14364558,-0.50053096
1164,-0.15371239,-0.52345204
1165,-0.4774629,-0.8600679
1166,-0.51274216,-0.90822357
1167,-0.22220981,-0.63057864
1168,-0.345814,-0.76708096
1169,-0.16514647,-0.59932226
1170,-0.38919652,-0.8362917
1171,-0.37948692,-0.83951193
1172,-0.053333998,-0.52629906
1173,0.01938653,-0.46652883
1174,-0.29260558,-0.79148114
1175,-0.29842716,-0.8102728
1176,-0.42871344,-0.953539
1177,-0.026517153,-0.56433237
1178,-0.393026,-0.94384027
1179,-0.008034468,-0.5718572
1180,-0.08200824,-0.6588487
1181,0.02141118,-0.5684561
1182,-0.33470798,-0.93761116
1183,-0.19622976,-0.8121777
1184,-0.09557748,-0.72457886
1185,-0.043710053,-0.6857736
1186,-0.039190173,-0.69432425
1187,-0.1114285,-0.7796415
1188,0.03796053,-0.64333963
1189,-0.08533299,-0.7797284
1190,0.09252453,-0.61497414
1191,-0.4274726,-1.1480823
1192,-0.04412532,-0.7778538
1193,-0.21283102,-0.9596858
1194,-0.39653558,-1.1565242
1195,0.09930587,-0.67382383
1196,-0.25574696,-1.042025
1197,0.017136216,-0.78229713
1198,0.0046898127,-0.80790585
1199,-0.42399,-1.2497547
1200,-0.07570839,-0.91464883
1201,-0.07810509,-0.9302278
1202,0.06946874,-0.7958427
1203,-0.28330117,-1.1618075
1204,-0.0022159815,-0.8939235
1205,-0.39665973,-1.3015743
1206,-0.3350699,-1.2531977
1207,0.055101037,-0.8762454
1208,-0.15251088,-1.0970817
1209,-0.32453555,-1.2823362
1210,0.066856384,-0.9041796
1211,-0.3207618,-1.3050382
1212,0.13652754,-0.86099446
1213,0.13128829,-0.87948436
1214,0.20624554,-0.81778246
1215,-0.32739574,-1.3646839
1216,0.06940162,-0.9811511
1217,0.16786301,-0.8959588
1218,-0.12311596,-1.2002113
1219,-0.116565645,-1.2069385
1220,-0.14113718,-1.2447917
1221,-0.08637953,-1.2033197
1222,0.22785091,-0.90237856
1223,0.05910611,-1.0844164
1224,0.019711971,-1.1371071
1225,0.29265547,-0.87746364
1226,-0.24380374,-1.4272261
1227,0.19129384,-1.0054348
1228,-0.026660442,-1.2366983
1229,0.038359165,-1.1849909
1230,0.2613902,-0.97527486
1231,0.23331428,-1.0166683
1232,-0.22696352,-1.4902661
1233,0.3574263,-0.91919875
1234,0.35141218,-0.9385374
1235,0.052277327,-1.2509989
1236,-0.11773932,-1.434344
1237,0.09585202,-1.2340832
1238,-0.04636717,-1.3896344
1239,0.35602713,-1.0005739
1240,0.28593874,-1.0839972
1241,0.045722246,-1.33755
1242,0.3979404,-0.99866945
1243,0.17668712,-1.2332612
1244,0.2574395,-1.1658483
1245,0.15092218,-1.2857057
1246,0.363052,-1.0869167
1247,0.34252834,-1.1207817
1248,0.30576897,-1.1708826
1249,0.10451627,-1.3854773
1250,0.165918,-1.3374176
1251,0.052225113,-1.4644523
1252,0.11819887,-1.4118203
1253,-0.058055878,-1.6014166
1254,0.04608035,-1.5106215
1255,-0.011881471,-1.5819237
1256,0.40087485,-1.1825073
1257,-0.015868902,-1.61259
1258,0.19550586,-1.4145532
1259,0.0053043365,-1.6180917
1260,0.009357214,-1.6273744
1261,0.11965883,-1.5304073
1262,0.07746148,-1.5859375
1263,0.5552511,-1.1214789
1264,0.2967583,-1.3933015
1265,0.15889227,-1.5444951
1266,0.5490347,-1.1676782
1267,0.076892376,-1.6531441
1268,0.2060939,-1.5372638
1269,0.47362733,-1.2830492
1270,0.42088532,-1.3491073
1271,0.19809794,-1.5852084
1272,0.41787148,-1.3787457
1273,0.12821937,-1.6817056
1274,0.49723494,-1.3259948
1275,0.48269486,-1.3538364
1276,0.20156074,-1.6482689
1277,0.313856,-1.5492684
1278,0.15223181,-1.7241838
1279,0.19933426,-1.6903689
1280,0.4377712,-1.4652154
1281,0.5916462,-1.3246202
1282,0.6977978,-1.2317443
1283,0.31556797,-1.6272454
1284,0.14997244,-1.8061078
1285,0.56167006,-1.4076726
1286,0.5595813,-1.4230189
1287,0.5179572,-1.477896
1288,0.5941801,-1.4149213
1289,0.3618958,-1.6604488
1290,0.75643384,-1.2791485
1291,0.30159485,-1.74722
1292,0.32518578,-1.7368563
1293,0.68770134,-1.3875623
1294,0.695508,-1.3929715
1295,0.43863654,-1.6630533
1296,0.7421595,-1.3727343
1297,0.29255366,-1.8355383
1298,0.491333,-1.6499507
1299,0.31003857,-1.8444306
1300,0.5738096,-1.5938387
1301,0.5259216,-1.6548991
1302,0.69238305,-1.5016034
1303,0.3095975,-1.8975477
1304,0.8012568,-1.4190402
1305,0.4323702,-1.8010716
1306,0.6609665,-1.5856127
1307,0.73062027,-1.5290892
1308,0.89001226,-1.3828197
1309,0.61568785,-1.670259
1310,0.40990317,-1.8891507
1311,0.62343454,-1.6887188
1312,0.69626737,-1.6289771
1313,0.84309995,-1.4952276
1314,0.51418185,-1.8372202
1315,0.407835,-1.9566336
1316,0.78605413,-1.5914723
1317,0.74459934,-1.6459762
1318,0.6441479,-1.7594681
1319,0.56967425,-1.8469728
1320,0.76848054,-1.6611891
1321,0.9703119,-1.4723709
1322,0.50343466,-1.9522518
1323,0.9564723,-1.5122085
1324,0.8581419,-1.6235237
1325,0.7307098,-1.7639308
1326,0.489089,-2.0185168
1327,0.6871581,-1.833403
1328,0.7194052,-1.814101
1329,0.71849084,-1.8279505
1330,1.0519505,-1.5074153
1331,0.53945065,-2.0328293
1332,0.8860848,-1.6990986
1333,0.86499643,-1.7330797
1334,0.57977176,-2.0311863
1335,0.87275386,-1.7510751
1336,0.94644666,-1.690242
1337,0.55037475,-2.0991628
1338,0.762547,-1.8998277
1339,0.5847211,-2.0904794
1340,0.7839949,-1.9040194
1341,0.57097316,-2.1298437
1342,1.0111828,-1.7024245
1343,0.6645539,-2.061832
1344,0.77725077,-1.9619014
1345,1.0094409,-1.7424654
1346,0.82810473,-1.9365431
1347,0.8340001,-1.943377
1348,0.9505205,-1.8395731
1349,0.7782035,-2.024594
1350,0.773703,-2.0417855
1351,1.2460928,-1.5820736
1352,0.8496349,-1.9911963
1353,0.8185874,-2.0348952
1354,1.1029592,-1.7631617
1355,1.1770849,-1.7016604
1356,1.2214432,-1.6699133
1357,0.8278618,-2.0760918
1358,0.732893,-2.183644
1359,1.316124,-1.6129824
1360,1.2944267,-1.6472348
1361,1.2759743,-1.6782281
1362,0.8857095,-2.0810194
1363,0.8033991,-2.175842
1364,1.0343158,-1.9574226
1365,1.3377135,-1.6665077
1366,0.87637615,-2.140313
1367,0.98625696,-2.0428848
1368,1.1217914,-1.9197879
1369,1.2955351,-1.758467
1370,0.8425492,-2.2238598
1371,1.0984099,-1.9803905
1372,1.0330403,-2.0581365
1373,0.8951118,-2.208425
1374,1.3413064,-1.7745746
1375,1.058692,-2.0695176
1376,1.0876765,-2.0528455
1377,1.1472368,-2.005581
1378,1.3456473,-1.8194504
1379,1.1927667,-1.9845942
1380,0.91352034,-2.2760873
1381,1.2482421,-1.9535954
1382,1.3247719,-1.8892787
1383,1.1074584,-2.1187885
1384,1.0495486,-2.1888773
1385,1.319704,-1.9308836
1386,1.036572,-2.2261605
1387,1.3168604,-1.9579991
1388,1.3511631,-1.9358062
1389,0.99286723,-2.306194
1390,1.3858268,-1.9253085
1391,1.0192363,-2.303955
1392,1.2217929,-2.1134367
1393,1.2526088,-2.094641
1394,1.3760891,-1.9831625
1395,1.1876082,-2.183627
1396,1.1356862,-2.2475138
1397,1.3814635,-2.0136828
1398,1.0605693,-2.3465044
1399,1.0873594,-2.331623
1400,1.2162709,-2.214601
1401,1.3180816,-2.1246612
1402,1.4271307,-2.0274634
1403,1.3389599,-2.1274662
1404,1.1212873,-2.3569512
1405,1.1558874,-2.3341446
1406,1.6194878,-1.8823175
1407,1.3907907,-2.1227682
1408,1.6459136,-1.8793789
1409,1.6597898,-1.8772163
1410,1.5550313,-1.9936686
1411,1.4105911,-2.1497817
1412,1.4519663,-2.1200595
1413,1.756217,-1.8274412
1414,1.2936049,-2.3016648
1415,1.3778589,-2.229002
1416,1.4832475,-2.1351833
1417,1.5225644,-2.1074162
1418,1.5752816,-2.066227
1419,1.5347803,-2.118235
1420,1.810539,-1.8539622
1421,1.3310666,-2.3448987
1422,1.7020862,-1.9853222
1423,1.6966882,-2.002141
1424,1.5794675,-2.1307614
1425,1.8248758,-1.8967307
1426,1.5610609,-2.1719012
1427,1.6574488,-2.0868468
1428,1.806287,-1.9493198
1429,1.4888542,-2.2780418
1430,1.798022,-1.9801404
1431,1.6359439,-2.1534624
1432,1.9461308,-1.8544972
1433,1.7471447,-2.064682
1434,1.9179754,-1.9050269
1435,1.6477485,-2.1864066
1436,1.7867227,-2.0585623
1437,1.8933046,-1.9630868
1438,1.9216242,-1.9458506
1439,1.5767217,-2.301813
1440,1.8525381,-2.0370326
1441,1.6291764,-2.2714071
1442,1.5756061,-2.3359666
1443,1.807054,-2.1154835
1444,1.7022016,-2.231277
1445,1.5480578,-2.396338
1446,1.7601345,-2.1951542
1447,1.8372979,-2.1288595
1448,1.683491,-2.2935104
1449,1.6863086,-2.3015127
1450,1.8463953,-2.1522212
1451,1.6204736,-2.3889132
1452,1.9976852,-2.022447
1453,1.9376817,-2.0931716
1454,1.7511249,-2.2904239
1455,1.8105028,-2.2417164
1456,2.161989,-1.9008756
1457,2.0946949,-1.9787896
1458,1.7328489,-2.3512301
1459,2.1371322,-1.9575158
1460,1.9059262,-2.1992648
1461,2.0996227,-2.016086
1462,2.0200696,-2.1061306
1463,1.787426,-2.3492398
1464,1.8660746,-2.2810311
1465,2.114914,-2.042605
1466,2.0603726,-2.1075332
1467,1.9979491,-2.1803176
1468,2.2094297,-1.9791713
1469,2.1071968,-2.091712
1470,1.9255257,-2.283664
1471,1.9804423,-2.2390015
1472,2.2981951,-1.9314759
1473,2.1537704,-2.086101
1474,2.209416,-2.040629
1475,2.067985,-2.1922054
1476,1.8761086,-2.3942008
1477,1.9187939,-2.3616066
1478,1.8843613,-2.4061034
1479,2.0094562,-2.2910447
1480,2.3018851,-2.008624
1481,2.096856,-2.2236342
1482,2.188741,-2.1417017
1483,2.3321924,-2.0081754
1484,2.1982136,-2.152051
1485,2.2863035,-2.0738297
1486,1.9634552,-2.406518
1487,1.9862115,-2.3935738
1488,2.1692057,-2.2203631
1489,2.4548168,-1.9445068
1490,2.2073674,-2.2016823
1491,2.169139,-2.249608
1492,2.342421,-2.0859947
1493,2.244069,-2.193986
1494,2.5205681,-1.9270976
1495,2.445609,-2.0116382
1496,2.0216286,-2.4451709
1497,2.4082403,-2.0680816
1498,2.5586343,-1.9271809
1499,2.5488708,-1.9464086
1500,2.5642302,-1.9404831
1501,2.2944937,-2.2196243
1502,2.4583087,-2.0651836
1503,2.390586,-2.1422515
1504,2.3029819,-2.23917
1505,2.2856693,-2.2657676
1506,2.5515609,-2.0091305
1507,2.3585727,-2.211343
1508,2.6223202,-1.9567895
1509,2.4602606,-2.1280122
1510,2.1346517,-2.4627542
1511,2.495851,-2.110657
1512,2.447671,-2.167909
1513,2.6091986,-2.0154219
1514,2.6163924,-2.017238
1515,2.710804,-1.9318051
1516,2.1822586,-2.4692984
1517,2.2680707,-2.392403
1518,2.7508059,-1.9185532
1519,2.6975102,-1.9807026
1520,2.6261344,-2.060901
1521,2.576219,-2.1196077
1522,2.3829908,-2.3215952
1523,2.6245794,-2.0887341
1524,2.352137,-2.3698726
1525,2.451543,-2.2791307
1526,2.3668065,-2.3724997
1527,2.75921,-1.9886963
1528,2.3732111,-2.383263
1529,2.8243744,-1.9406358
1530,2.3006744,-2.472839
1531,2.8684611,-1.9135237
1532,2.5496573,-2.2407663
1533,2.8340588,-1.9647712
1534,2.6046107,-2.2025926
1535,2.7602875,-2.0552564
1536,2.8147445,-2.0091076
1537,2.4056635,-2.426464
1538,2.8986368,-1.9417326
1539,2.5323691,-2.3162098
1540,2.8996696,-1.9570851
1541,2.4206312,-2.4442663
1542,2.799741,-2.0732663
1543,2.8560386,-2.025045
1544,3.0095425,-1.8795836
1545,2.517393,-2.3797426
1546,2.5503483,-2.354763
1547,3.0112014,-1.9018519
1548,2.9070373,-2.0139244
1549,2.6311436,-2.2976925
1550,2.8576267,-2.0790496
1551,3.0369625,-1.9075203
1552,2.9294996,-2.022756
1553,2.8758307,-2.0841632
1554,2.5876703,-2.3800278
1555,2.632804,-2.3425639
1556,2.901526,-2.0814772
1557,3.1038976,-1.886707
1558,3.070653,-1.9275178
1559,3.091731,-1.9139719
1560,3.1167364,-1.8964632
1561,2.5941086,-2.4265537
1562,3.0737972,-1.9542925
1563,2.8968358,-2.138647
1564,3.119081,-1.9237596
1565,2.7851927,-2.2649705
1566,2.9988956,-2.0585554
1567,2.7824805,-2.2822232
1568,2.7884808,-2.28344
1569,2.954581,-2.1245217
1570,3.2405972,-1.8456522
1571,2.8427892,-2.250571
1572,3.0147939,-2.085642
1573,2.8303597,-2.2771158
1574,2.8841298,-2.23035
1575,2.987907,-2.1335413
1576,3.0473952,-2.0809858
1577,2.9583805,-2.1768973
1578,2.8232179,-2.3189209
1579,3.012591,-2.1363728
1580,2.89704,-2.2587123
1581,2.9387255,-2.2237792
1582,2.8352098,-2.3340113
1583,2.8822787,-2.2936225
1584,2.9046645,-2.2778804
1585,2.8630638,-2.3260884
1586,3.053235,-2.1424882
1587,3.281612,-1.9206455
1588,3.30235,-1.9064051
1589,3.272087,-1.9431288
1590,2.9076817,-2.3139586
1591,2.8584652,-2.3695626
1592,3.2996893,-1.9346892
1593,3.1718092,-2.0688827
1594,2.9284801,-2.3184884
1595,3.4147263,-1.8384817
1596,3.4609694,-1.7984409
1597,3.2382717,-2.0273044
1598,3.2708788,-2.0008252
1599,3.1673293,-2.1104655
1600,2.9414463,-2.3424017
1601,3.3878126,-1.9020517
1602,3.5056581,-1.7901847
1603,3.3304462,-1.9713371
1604,3.0714636,-2.2362232
1605,3.4964943,-1.8170578
1606,3.120842,-2.1985385
1607,3.556562,-1.7686086
1608,3.505176,-1.8257473
1609,3.5956373,-1.7410007
1610,3.4270377,-1.9152765
1611,3.5658426,-1.7821102
1612,3.5516205,-1.8019327
1613,3.4337864,-1.925329
1614,3.1037393,-2.2609007
1615,3.21245,-2.157676
1616,3.4621425,-1.9134313
1617,3.1215167,-2.2594662
1618,3.1838522,-2.2025023
1619,3.1095085,-2.2821786
1620,3.3151941,-2.0817866
1621,3.5458002,-1.8564363
1622,3.3150835,-2.0923698
1623,3.4017882,-2.0108435
1624,3.6888413,-1.7289302
1625,3.6306925,-1.7921803
1626,3.2270103,-2.2009242
1627,3.7400293,-1.6929288
1628,3.3924122,-2.0455303
1629,3.3217335,-2.1211543
1630,3.5633307,-1.8844637
1631,3.654395,-1.7982664
1632,3.4595642,-1.9979254
1633,3.4323158,-2.0299633
1634,3.2596784,-2.2073507
1635,3.332748,-2.1389918
1636,3.2838888,-2.1925223
1637,3.4629154,-2.018128
1638,3.7078714,-1.7777647
1639,3.7055306,-1.7846589
1640,3.7686791,-1.7260244
1641,3.431735,-2.0674424
1642,3.4438934,-2.059719
1643,3.6175423,-1.8904657
1644,3.7847257,-1.7276378
1645,3.586144,-1.9305354
1646,3.5626822,-1.9582735
1647,3.464304,-2.0608878
1648,3.5527282,-1.9766607
1649,3.9281769,-1.6053686
1650,3.701457,-1.8362052
1651,3.4891863,-2.052553
1652,3.5488667,-1.9969099
1653,3.7459087,-1.8038646
1654,3.6401029,-1.9136275
1655,3.5749788,-1.9826683
1656,3.6448622,-1.9166617
1657,3.585445,-1.9799157
1658,4.001055,-1.5681024
1659,3.5575328,-2.0153804
1660,3.603568,-1.9730612
1661,4.020093,-1.5602114
1662,3.932797,-1.6511428
1663,4.0224223,-1.5651119
1664,4.032132,-1.5589569
1665,4.07089,-1.5237129
1666,3.5797544,-2.018322
1667,4.0327187,-1.5687907
1668,4.0120635,-1.5928379
1669,3.7800274,-1.8282261
1670,3.9306884,-1.6808758
1671,4.063781,-1.5510541
1672,3.8286667,-1.7893977
1673,4.0481577,-1.5730957
1674,3.8689532,-1.7554486
1675,3.7167673,-1.910742
1676,4.170288,-1.4602879
1677,3.853582,-1.7800198
1678,3.781869,-1.8547177
1679,3.653452,-1.9860785
1680,4.02708,-1.6153536
1681,4.159433,-1.485863
1682,3.8876457,-1.7604711
1683,4.0687494,-1.5821475
1684,4.1616726,-1.4919637
1685,3.7673612,-1.888973
1686,3.9333334,-1.7256579
1687,3.7416034,-1.9200037
1688,3.9178286,-1.7463529
1689,3.8858042,-1.7809105
1690,3.8863473,-1.78286
1691,4.26832,-1.4033381
1692,3.7779984,-1.8960694
1693,4.130988,-1.5454481
1694,4.2800736,-1.3986896
1695,4.23907,-1.4419792
1696,4.0223436,-1.66095
1697,4.297337,-1.3881598
1698,4.2484627,-1.4391958
1699,4.1945534,-1.4952252
1700,4.1152716,-1.576586
1701,4.029059,-1.6648359
1702,4.1058574,-1.5900334
1703,4.105307,-1.5925381
1704,3.811387,-1.8883709
1705,4.2612696,-1.4403601
1706,3.9700933,-1.7333663
1707,4.17031,-1.5349376
1708,3.893489,-1.8135053
1709,3.9265566,-1.7821432
1710,4.046651,-1.6637125
1711,3.8676972,-1.8442875
1712,4.0866685,-1.6268965
1713,3.96696,-1.7481437
1714,4.4514923,-1.2651079
1715,4.299754,-1.4183013
1716,4.388544,-1.3309246
1717,4.4620066,-1.2588339
1718,4.0504427,-1.6717277
1719,3.9899054,-1.7335534
1720,4.5147886,-1.2099167
1721,4.4048758,-1.3210337
1722,4.5017347,-1.2253375
1723,4.5027037,-1.2254895
1724,4.165988,-1.5632844
1725,4.4344983,-1.2958114
1726,4.1879845,-1.5433213
1727,4.4033575,-1.3289014
1728,4.2446995,-1.4884715
1729,4.4115252,-1.322516
1730,4.333514,-1.4013551
1731,4.5270205,-1.2086346
1732,4.2284813,-1.5079186
1733,4.281154,-1.4559484
1734,4.219471,-1.5182922
1735,4.035052,-1.7033297
1736,4.6038275,-1.135131
1737,4.4216166,-1.3178765
1738,4.5988455,-1.1411405
1739,4.481114,-1.2593231
1740,4.3332653,-1.4075803
1741,4.5536118,-1.1876012
1742,4.528926,-1.2126119
1743,4.650401,-1.0914204
1744,4.4044456,-1.3376169
1745,4.546571,-1.1956911
1746,4.5916047,-1.1508143
1747,4.603969,-1.1385657
1748,4.651932,-1.0906761
1749,4.4890532,-1.2535863
1750,4.456928,-1.2857012
1751,4.490192,-1.2523845
1752,4.57403,-1.1684518
1753,4.66658,-1.0757655
1754,4.327368,-1.4147995
1755,4.6869936,-1.0549536
1756,4.5822463,-1.1594385
1757,4.6184487,-1.1229322
1758,4.2385798,-1.5024548
1759,4.5215383,-1.2191081
1760,4.442253,-1.2979636
1761,4.4541726,-1.2855723
1762,4.6737113,-1.0655195
1763,4.568074,-1.1706008
1764,4.3406844,-1.397393
1765,4.7937694,-0.9436686
1766,4.465978,-1.270778
1767,4.3929863,-1.3430465
1768,4.695481,-1.0397868
1769,4.6414003,-1.0930604
1770,4.8255405,-0.90807074
1771,4.4428005,-1.2899195
1772,4.3045287,-1.4272588
1773,4.5979314,-1.1328816
1774,4.3041854,-1.425611
1775,4.444517,-1.2842207
1776,4.3148417,-1.4127963
1777,4.431717,-1.2947788
1778,4.5326357,-1.192677
1779,4.8370686,-0.88701814
1780,4.752348,-0.97047156
1781,4.381767,-1.3397439
1782,4.4726944,-1.2474655
1783,4.359717,-1.3590502
1784,4.8993387,-0.8179944
1785,4.9317055,-0.7841513
1786,4.5648866,-1.1494526
1787,4.9105263,-0.80225366
1788,4.668195,-1.0429845
1789,4.6062737,-1.1032629
1790,4.7688065,-0.9390456
1791,4.7376623,-0.96846384
1792,4.742161,-0.9621978
1793,4.9578924,-0.7446576
1794,4.5728235,-1.1278756
1795,4.645949,-1.0528584
1796,4.7344646,-0.9624088
1797,4.4756413,-1.2192568
1798,4.4895787,-1.2033029
1799,4.872405,-0.8184185
1800,4.802988,-0.8857358
1801,4.507841,-1.1787417
1802,4.8313994,-0.85300064
1803,4.9530034,-0.7291732
1804,4.8819494,-0.79796195
1805,4.464341,-1.2132635
1806,4.9130583,-0.7621991
1807,4.537482,-1.1353865
1808,4.778669,-0.89176893
1809,5.055417,-0.61254877
1810,5.056304,-0.60914946
1811,4.7994347,-0.8634646
1812,4.7332115,-0.92709243
1813,4.558243,-1.0994253
1814,4.789037,-0.8659534
1815,4.5539503,-1.0983219
1816,4.9158154,-0.7336968
1817,4.554556,-1.0921559
1818,4.5964446,-1.0474255
1819,4.8238916,-0.81709546
1820,5.0863047,-0.55175894
1821,4.680944,-0.9541554
1822,4.559107,-1.0729868
1823,4.59622,-1.0328274
1824,4.715578,-0.91038233
1825,4.5926313,-1.0302017
1826,4.6666403,-0.9530236
1827,4.600157,-1.016298
1828,5.120539,-0.4926656
1829,4.9252667,-0.68464696
1830,5.0859118,-0.5206709
1831,5.0146723,-0.58853847
1832,4.848507,-0.75129104
1833,4.6589584,-0.9373861
1834,4.6680636,-0.92478716
1835,4.725253,-0.86406374
1836,4.8075385,-0.7782035
1837,5.001535,-0.5805925
1838,4.74295,-0.8355217
1839,4.6787453,-0.8960308
1840,5.213502,-0.35753816
1841,4.74261,-0.8246539
1842,5.164381,-0.39906633
1843,5.1550694,-0.40452117
1844,5.094898,-0.46079606
1845,4.996095,-0.5556621
1846,4.842216,-0.7055639
1847,5.060071,-0.48369217
1848,5.176724,-0.36298227
1849,4.7932286,-0.74238074
1850,5.0873194,-0.4441532
1851,5.0231876,-0.5041079
1852,4.957212,-0.565867
1853,4.74253,-0.776293
1854,4.7978134,-0.71671283
1855,4.905133,-0.6050577
1856,4.754687,-0.75112814
1857,4.9215593,-0.5798407
1858,4.851941,-0.6450043
1859,4.94299,-0.5494615
1860,5.28335,-0.20456749
1861,4.93153,-0.5518148
1862,5.2777033,-0.20102882
1863,5.047081,-0.4269997
1864,5.295282,-0.1741072
1865,4.9858656,-0.47879338
1866,5.029769,-0.43012053
1867,4.943346,-0.51173437
1868,4.9338875,-0.516345
1869,5.3220463,-0.12329936
1870,4.9508176,-0.4896021
1871,4.9785995,-0.45685536
1872,5.0184727,-0.41197777
1873,4.996561,-0.42884725
1874,4.853388,-0.56693923
1875,4.790478,-0.6247283
1876,4.9051847,-0.50486255
1877,4.9398823,-0.46496773
1878,5.317686,-0.081927955
1879,5.301765,-0.092573464
1880,5.0044556,-0.38457012
1881,5.394659,0.010985017
1882,4.80885,-0.5694337
1883,5.3958645,0.023009777
1884,5.0865774,-0.2808106
1885,5.2725897,-0.089292884
1886,5.358836,0.0024967194
1887,4.8990164,-0.45174152
1888,5.336835,-0.008303881
1889,5.1230965,-0.21638429
1890,5.328853,-0.0049324036
1891,5.0153103,-0.31274164
1892,4.9884405,-0.33383983
1893,5.3229017,0.0064303875
1894,4.956509,-0.3541153
1895,5.111009,-0.1937306
1896,5.1681805,-0.13063765
1897,4.883824,-0.409034
1898,5.4131975,0.12633657
1899,5.207935,-0.07289106
1900,5.429043,0.15428829
1901,5.368967,0.10032225
1902,4.96764,-0.29485828
1903,5.1129904,-0.1433233
1904,5.068124,-0.18196881
1905,4.8985834,-0.3452518
1906,5.2203007,-0.017238975
1907,4.9244294,-0.3067783
1908,5.233243,0.008404136
1909,5.225466,0.0070331097
1910,5.0777597,-0.13423026
1911,5.192281,-0.013230324
1912,5.3865747,0.18758047
1913,4.92367,-0.2687723
1914,4.9754314,-0.2104218
1915,4.941843,-0.23738432
1916,5.2634187,0.090853095
1917,5.375488,0.20962071
1918,5.3682127,0.20908022
1919,5.0633645,-0.08899796
1920,4.9951644,-0.15039098
1921,5.036754,-0.10195851
1922,5.298051,0.16621661
1923,5.062401,-0.062518
1924,5.0213766,-0.09659159
1925,4.972197,-0.13878524
1926,5.006667,-0.09729302
1927,5.262807,0.16590452
1928,5.028031,-0.061778486
1929,5.1558046,0.07312465
1930,5.060532,-0.014983773
1931,5.382775,0.3144579
1932,5.3340006,0.27291894
1933,5.130627,0.07681584
1934,5.224469,0.17796326
1935,5.339539,0.30037308
1936,5.513809,0.48201823
1937,4.9797916,-0.044589102
1938,5.302346,0.28541064
1939,5.1723437,0.16288781
1940,4.9505796,-0.05136156
1941,5.1550055,0.16061378
1942,5.280323,0.29351485
1943,5.313029,0.33383882
1944,5.428794,0.45725644
1945,5.1983876,0.23453724
1946,4.9760327,0.01990366
1947,5.1101446,0.16177094
1948,5.22058,0.27999616
1949,5.30682,0.37405932
1950,5.5493298,0.62442684
1951,5.4290285,0.5120163
1952,5.5009336,0.5918474
1953,5.3126993,0.41157126
1954,5.5192547,0.6261194
1955,5.342394,0.4572847
1956,5.0672126,0.19016337
1957,5.3006635,0.43170667
1958,5.548458,0.68762755
1959,5.5073395,0.6546688
1960,5.410571,0.5660925
1961,5.115015,0.27876294
1962,5.5250964,0.69710267
1963,5.558035,0.7383323
1964,5.502311,0.6909337
1965,5.151524,0.34850383
1966,4.9851866,0.19055581
1967,5.2712364,0.4850284
1968,5.275976,0.4982233
1969,5.1467295,0.37746358
1970,5.520648,0.7599021
1971,5.559609,0.80741453
1972,5.3262978,0.5826869
1973,5.5586348,0.82364035
1974,5.3341513,0.60780525
1975,5.0282083,0.31054246
1976,5.3649993,0.65604496
1977,5.2869186,0.58670807
1978,5.094325,0.4028902
1979,5.5579896,0.87536156
1980,5.076172,0.40238225
1981,5.5272536,0.8623338
1982,5.109613,0.4535936
1983,5.4950953,0.84800816
1984,5.402859,0.7647352
1985,5.019764,0.39063442
1986,5.202014,0.58191013
1987,5.1469965,0.5359484
1988,5.43456,0.8325993
1989,5.5875325,0.9946891
1990,5.0861926,0.50249743
1991,5.415511,0.84099495
1992,5.113718,0.54841065
1993,5.433276,0.8772087
1994,5.550087,1.0032887
1995,5.303754,0.7662556
1996,5.5222554,0.99408674
1997,5.5897427,1.0709338
1998,5.46914,0.9597206
1999,5.0919123,0.59191215
